Link,count
https://doi.org/10.1002/mrm.30425,2
https://doi.org/10.1002/mrm.30437,1
https://doi.org/10.1002/mrm.30451,1
https://doi.org/10.1002/mrm.30450,1
https://doi.org/10.1002/mrm.30448,1
https://doi.org/10.1002/mrm.30466,1
https://doi.org/10.1002/mrm.30464,1
https://doi.org/10.1002/mrm.30442,1
https://doi.org/10.1002/mrm.30436,1
https://doi.org/10.1002/mrm.30453,1
https://doi.org/10.1002/mrm.30463,1
https://doi.org/10.1002/mrm.30446,1
https://doi.org/10.1002/mrm.30438,1
https://doi.org/10.1002/mrm.30445,1
https://doi.org/10.1002/mrm.30447,1
https://doi.org/10.1002/mrm.30465,1
https://doi.org/10.1002/mrm.30459,1
https://doi.org/10.1002/mrm.30456,1
https://doi.org/10.1002/mrm.30449,1
https://doi.org/10.1002/mrm.30454,1
https://doi.org/10.1002/mrm.30467,1
https://doi.org/10.1002/mrm.30460,1
https://doi.org/10.1002/mrm.30469,1
https://doi.org/10.1002/mrm.30458,1
https://doi.org/10.1002/mrm.30444,1
https://doi.org/10.1002/mrm.30441,1
https://doi.org/10.1002/mrm.30468,1
https://doi.org/10.1002/mrm.30440,1
https://doi.org/10.1002/mrm.30443,1
https://doi.org/10.1002/mrm.30461,1
https://doi.org/10.1002/mrm.30452,1
https://doi.org/10.1002/mrm.30462,1
https://doi.org/10.1002/mrm.30455,1
https://doi.org/10.1002/mrm.30439,1
https://doi.org/10.1002/mrm.30494,1
https://doi.org/10.1002/mrm.30475,1
https://doi.org/10.1002/mrm.30473,1
https://doi.org/10.1002/mrm.30482,1
https://doi.org/10.1002/mrm.30478,1
https://doi.org/10.1002/mrm.30488,1
https://doi.org/10.1002/mrm.30471,1
https://doi.org/10.1002/mrm.30501,1
https://doi.org/10.1002/mrm.30498,1
https://doi.org/10.1002/mrm.30489,1
https://doi.org/10.1002/mrm.30493,1
https://doi.org/10.1002/mrm.30487,1
https://doi.org/10.1002/mrm.30480,1
https://doi.org/10.1002/mrm.30492,1
https://doi.org/10.1002/mrm.30499,1
https://doi.org/10.1002/mrm.30491,1
https://doi.org/10.1002/mrm.30476,1
https://doi.org/10.1002/mrm.30484,1
https://doi.org/10.1002/mrm.30486,1
https://doi.org/10.1002/mrm.30481,1
https://doi.org/10.1002/mrm.30483,1
https://doi.org/10.1002/mrm.30485,1
https://doi.org/10.1002/mrm.30474,1
https://doi.org/10.1002/mrm.30503,1
https://doi.org/10.1002/mrm.30477,1
https://doi.org/10.1002/mrm.30495,1
https://doi.org/10.1002/mrm.30490,1
https://doi.org/10.1002/mrm.30500,1
https://doi.org/10.1002/mrm.30479,1
https://doi.org/10.1002/mrm.30470,1
https://doi.org/10.1002/mrm.30502,1
https://doi.org/10.1002/mrm.30472,1
https://doi.org/10.1002/mrm.30515,1
https://doi.org/10.1002/mrm.30519,1
https://doi.org/10.1002/mrm.30506,1
https://doi.org/10.1002/mrm.30535,1
https://doi.org/10.1002/mrm.30533,1
https://doi.org/10.1002/mrm.30531,1
https://doi.org/10.1002/mrm.30523,1
https://doi.org/10.1002/mrm.30525,1
https://doi.org/10.1002/mrm.30505,1
https://doi.org/10.1002/mrm.30517,1
https://doi.org/10.1002/mrm.30529,1
https://doi.org/10.1002/mrm.30537,1
https://doi.org/10.1002/mrm.30514,1
https://doi.org/10.1002/mrm.30534,1
https://doi.org/10.1002/mrm.30511,1
https://doi.org/10.1002/mrm.30509,1
https://doi.org/10.1002/mrm.30530,1
https://doi.org/10.1002/mrm.30521,1
https://doi.org/10.1002/mrm.30520,1
https://doi.org/10.1002/mrm.30507,1
https://doi.org/10.1002/mrm.30513,1
https://doi.org/10.1002/mrm.30512,1
https://doi.org/10.1002/mrm.30532,1
https://doi.org/10.1002/mrm.30504,1
https://doi.org/10.1002/mrm.30528,1
https://doi.org/10.1002/mrm.30516,1
https://doi.org/10.1002/mrm.30536,1
https://doi.org/10.1002/mrm.30508,1
https://doi.org/10.1002/mrm.30527,1
https://doi.org/10.1002/mrm.30518,1
https://doi.org/10.1002/mrm.30510,1
https://doi.org/10.1002/mrm.30522,1
https://doi.org/10.1002/mrm.30571,1
https://doi.org/10.1002/mrm.30538,1
https://doi.org/10.1002/mrm.30560,1
https://doi.org/10.1002/mrm.30551,1
https://doi.org/10.1002/mrm.30543,1
https://doi.org/10.1002/mrm.30557,1
https://doi.org/10.1002/mrm.30561,1
https://doi.org/10.1002/mrm.30549,1
https://doi.org/10.1002/mrm.30554,1
https://doi.org/10.1002/mrm.30566,1
https://doi.org/10.1002/mrm.30546,1
https://doi.org/10.1002/mrm.30544,1
https://doi.org/10.1002/mrm.30555,1
https://doi.org/10.1002/mrm.30550,1
https://doi.org/10.1002/mrm.30573,1
https://doi.org/10.1002/mrm.30542,1
https://doi.org/10.1002/mrm.30569,1
https://doi.org/10.1002/mrm.30547,1
https://doi.org/10.1002/mrm.30556,1
https://doi.org/10.1002/mrm.30539,1
https://doi.org/10.1002/mrm.30574,1
https://doi.org/10.1002/mrm.30565,1
https://doi.org/10.1002/mrm.30570,1
https://doi.org/10.1002/mrm.30563,1
https://doi.org/10.1002/mrm.30552,1
https://doi.org/10.1002/mrm.30572,1
https://doi.org/10.1002/mrm.30562,1
https://doi.org/10.1002/mrm.30567,1
https://doi.org/10.1002/mrm.30559,1
https://doi.org/10.1002/mrm.30545,1
https://doi.org/10.1002/mrm.30548,1
https://doi.org/10.1002/mrm.30553,1
https://doi.org/10.1002/mrm.30540,1
https://doi.org/10.1002/mrm.30541,1
https://doi.org/10.1002/mrm.30568,1
https://doi.org/10.1002/mrm.30591,1
https://doi.org/10.1002/mrm.30610,1
https://doi.org/10.1002/mrm.30578,1
https://doi.org/10.1002/mrm.30585,1
https://doi.org/10.1002/mrm.30617,1
https://doi.org/10.1002/mrm.30597,1
https://doi.org/10.1002/mrm.30588,1
https://doi.org/10.1002/mrm.30575,1
https://doi.org/10.1002/mrm.30584,1
https://doi.org/10.1002/mrm.30608,1
https://doi.org/10.1002/mrm.30583,1
https://doi.org/10.1002/mrm.30580,1
https://doi.org/10.1002/mrm.30577,1
https://doi.org/10.1002/mrm.30590,1
https://doi.org/10.1002/mrm.30612,1
https://doi.org/10.1002/mrm.30586,1
https://doi.org/10.1002/mrm.30587,1
https://doi.org/10.1002/mrm.30598,1
https://doi.org/10.1002/mrm.30606,1
https://doi.org/10.1002/mrm.30599,1
https://doi.org/10.1002/mrm.30611,1
https://doi.org/10.1002/mrm.30579,1
https://doi.org/10.1002/mrm.30581,1
https://doi.org/10.1002/mrm.30601,1
https://doi.org/10.1002/mrm.30595,1
https://doi.org/10.1002/mrm.30605,1
https://doi.org/10.1002/mrm.30576,1
https://doi.org/10.1002/mrm.30602,1
https://doi.org/10.1002/mrm.30582,1
https://doi.org/10.1002/mrm.30603,1
https://doi.org/10.1002/mrm.30589,1
https://doi.org/10.1002/mrm.30593,1
https://doi.org/10.1002/mrm.30604,1
https://doi.org/10.1002/mrm.30609,1
https://doi.org/10.1002/mrm.30607,1
https://doi.org/10.1002/mrm.30600,1
https://doi.org/10.1002/mrm.30596,1
https://doi.org/10.1002/mrm.30626,1
https://doi.org/10.1002/mrm.30640,1
https://doi.org/10.1002/mrm.30613,1
https://doi.org/10.1002/mrm.30620,1
https://doi.org/10.1002/mrm.30636,1
https://doi.org/10.1002/mrm.30629,1
https://doi.org/10.1002/mrm.30637,1
https://doi.org/10.1002/mrm.30635,1
https://doi.org/10.1002/mrm.30630,1
https://doi.org/10.1002/mrm.30634,1
https://doi.org/10.1002/mrm.30631,1
https://doi.org/10.1002/mrm.30642,1
https://doi.org/10.1002/mrm.30633,1
https://doi.org/10.1002/mrm.30628,1
https://doi.org/10.1002/mrm.30644,1
https://doi.org/10.1002/mrm.30623,1
https://doi.org/10.1002/mrm.30638,1
https://doi.org/10.1002/mrm.30632,1
https://doi.org/10.1002/mrm.30624,1
https://doi.org/10.1002/mrm.30616,1
https://doi.org/10.1002/mrm.30615,1
https://doi.org/10.1002/mrm.30622,1
https://doi.org/10.1002/mrm.30625,1
https://doi.org/10.1002/mrm.30621,1
https://doi.org/10.1002/mrm.30614,1
https://doi.org/10.1002/mrm.30618,1
https://doi.org/10.1002/mrm.70024,1
https://doi.org/10.1002/mrm.70007,1
https://doi.org/10.1002/mrm.70033,1
https://doi.org/10.1002/mrm.70018,1
https://doi.org/10.1002/mrm.70016,1
https://doi.org/10.1002/mrm.70037,1
https://doi.org/10.1002/mrm.70030,1
https://doi.org/10.1002/mrm.70002,1
https://doi.org/10.1002/mrm.70038,1
https://doi.org/10.1002/mrm.70028,1
https://doi.org/10.1002/mrm.70039,1
https://doi.org/10.1002/mrm.30643,1
https://doi.org/10.1002/mrm.70013,1
https://doi.org/10.1002/mrm.70003,1
https://doi.org/10.1002/mrm.70026,1
https://doi.org/10.1002/mrm.70009,1
https://doi.org/10.1002/mrm.70032,1
https://doi.org/10.1002/mrm.70036,1
https://doi.org/10.1002/mrm.70019,1
https://doi.org/10.1002/mrm.70006,1
https://doi.org/10.1002/mrm.70034,1
https://doi.org/10.1002/mrm.70035,1
https://doi.org/10.1002/mrm.70008,1
https://doi.org/10.1002/mrm.70015,1
https://doi.org/10.1002/mrm.70001,1
https://doi.org/10.1002/mrm.70020,1
https://doi.org/10.1002/mrm.70012,1
https://doi.org/10.1002/mrm.70021,1
https://doi.org/10.1002/mrm.70005,1
https://doi.org/10.1002/mrm.70027,1
https://doi.org/10.1002/mrm.70017,1
https://doi.org/10.1002/mrm.70031,1
https://doi.org/10.1002/mrm.70000,1
https://doi.org/10.1002/mrm.30641,1
https://doi.org/10.1002/mrm.70010,1
https://doi.org/10.1002/mrm.70025,1
https://doi.org/10.1002/mrm.70011,1
https://doi.org/10.1002/mrm.70014,1
https://doi.org/10.1002/mrm.70004,1
https://doi.org/10.1002/mrm.70022,1
https://doi.org/10.1002/mrm.70029,1
https://doi.org/10.1002/mrm.70082,1
https://doi.org/10.1002/mrm.70076,1
https://doi.org/10.1002/mrm.70067,1
https://doi.org/10.1002/mrm.70077,1
https://doi.org/10.1002/mrm.70058,1
https://doi.org/10.1002/mrm.70074,1
https://doi.org/10.1002/mrm.70078,1
https://doi.org/10.1002/mrm.70050,1
https://doi.org/10.1002/mrm.70083,1
https://doi.org/10.1002/mrm.70084,1
https://doi.org/10.1002/mrm.70064,1
https://doi.org/10.1002/mrm.70055,1
https://doi.org/10.1002/mrm.70057,1
https://doi.org/10.1002/mrm.70071,1
https://doi.org/10.1002/mrm.70045,1
https://doi.org/10.1002/mrm.70061,1
https://doi.org/10.1002/mrm.70054,1
https://doi.org/10.1002/mrm.70053,1
https://doi.org/10.1002/mrm.70060,1
https://doi.org/10.1002/mrm.70046,1
https://doi.org/10.1002/mrm.70072,1
https://doi.org/10.1002/mrm.70063,1
https://doi.org/10.1002/mrm.70048,1
https://doi.org/10.1002/mrm.70065,1
https://doi.org/10.1002/mrm.70075,1
https://doi.org/10.1002/mrm.70044,1
https://doi.org/10.1002/mrm.70070,1
https://doi.org/10.1002/mrm.70042,1
https://doi.org/10.1002/mrm.70052,1
https://doi.org/10.1002/mrm.70073,1
https://doi.org/10.1002/mrm.70062,1
https://doi.org/10.1002/mrm.70079,1
https://doi.org/10.1002/mrm.70051,1
https://doi.org/10.1002/mrm.70087,1
https://doi.org/10.1002/mrm.70080,1
https://doi.org/10.1002/mrm.70066,1
https://doi.org/10.1002/mrm.70040,1
https://doi.org/10.1002/mrm.70047,1
https://doi.org/10.1002/mrm.70041,1
https://doi.org/10.1002/mrm.70049,1
https://doi.org/10.1002/mrm.70085,1
https://doi.org/10.1002/mrm.70043,1
https://doi.org/10.1002/mrm.70086,1
https://doi.org/10.1002/mrm.70059,1
https://doi.org/10.1002/mrm.70068,1
https://doi.org/10.1002/mrm.70069,1
https://doi.org/10.1002/mrm.70081,1
https://doi.org/10.1002/mrm.70129,1
https://doi.org/10.1002/mrm.70125,1
https://doi.org/10.1002/mrm.70120,1
https://doi.org/10.1002/mrm.70128,1
https://doi.org/10.1002/mrm.70130,1
https://doi.org/10.1002/mrm.70124,1
https://doi.org/10.1002/mrm.70121,1
https://doi.org/10.1002/mrm.70127,1
https://doi.org/10.1002/mrm.70126,1
https://doi.org/10.1002/mrm.70132,1
https://doi.org/10.1002/mrm.70123,1
https://doi.org/10.1002/mrm.70105,1
https://doi.org/10.1002/mrm.70122,1
https://doi.org/10.1002/mrm.70094,1
https://doi.org/10.1002/mrm.70109,1
https://doi.org/10.1002/mrm.70100,1
https://doi.org/10.1002/mrm.70101,1
https://doi.org/10.1002/mrm.70111,1
https://doi.org/10.1002/mrm.70116,1
https://doi.org/10.1002/mrm.70091,1
https://doi.org/10.1002/mrm.70112,1
https://doi.org/10.1002/mrm.70114,1
https://doi.org/10.1002/mrm.70103,1
https://doi.org/10.1002/mrm.70113,1
https://doi.org/10.1002/mrm.70092,1
https://doi.org/10.1002/mrm.70102,1
https://doi.org/10.1002/mrm.70096,1
https://doi.org/10.1002/mrm.70090,1
https://doi.org/10.1002/mrm.70089,1
https://doi.org/10.1002/mrm.70117,1
https://doi.org/10.1002/mrm.70097,1
https://doi.org/10.1002/mrm.70110,1
https://doi.org/10.1002/mrm.70099,1
https://doi.org/10.1002/mrm.70088,1
https://doi.org/10.1002/mrm.70104,1
https://doi.org/10.1002/mrm.70118,1
https://doi.org/10.1002/mrm.70095,1
https://doi.org/10.1002/mrm.70098,1
https://doi.org/10.1002/mrm.70115,1
https://doi.org/10.1002/mrm.70093,1
https://doi.org/10.1002/mrm.70106,1
https://doi.org/10.1002/mrm.70119,1
https://doi.org/10.1002/mrm.70108,1
https://doi.org/10.1002/mrm.70161,1
https://doi.org/10.1002/mrm.70139,1
https://doi.org/10.1002/mrm.70133,1
https://doi.org/10.1002/mrm.70135,1
https://doi.org/10.1002/mrm.70143,1
https://doi.org/10.1002/mrm.70173,1
https://doi.org/10.1002/mrm.70144,1
https://doi.org/10.1002/mrm.70146,1
https://doi.org/10.1002/mrm.70174,1
https://doi.org/10.1002/mrm.70166,1
https://doi.org/10.1002/mrm.70137,1
https://doi.org/10.1002/mrm.70156,1
https://doi.org/10.1002/mrm.70152,1
https://doi.org/10.1002/mrm.70136,1
https://doi.org/10.1002/mrm.70158,1
https://doi.org/10.1002/mrm.70178,1
https://doi.org/10.1002/mrm.70171,1
https://doi.org/10.1002/mrm.70179,1
https://doi.org/10.1002/mrm.70155,1
https://doi.org/10.1002/mrm.70163,1
https://doi.org/10.1002/mrm.70131,1
https://doi.org/10.1002/mrm.70147,1
https://doi.org/10.1002/mrm.70148,1
https://doi.org/10.1002/mrm.70157,1
https://doi.org/10.1002/mrm.70170,1
https://doi.org/10.1002/mrm.70153,1
https://doi.org/10.1002/mrm.70149,1
https://doi.org/10.1002/mrm.70169,1
https://doi.org/10.1002/mrm.70175,1
https://doi.org/10.1002/mrm.70159,1
https://doi.org/10.1002/mrm.70138,1
https://doi.org/10.1002/mrm.70168,1
https://doi.org/10.1002/mrm.70162,1
https://doi.org/10.1002/mrm.70167,1
https://doi.org/10.55776/i4870)andbythedeutsche,1
https://doi.org/10.1002/mrm.70134,1
https://doi.org/10.1002/mrm.70160,1
https://doi.org/10.1002/mrm.70145,1
https://doi.org/10.1002/mrm.70141,1
https://doi.org/10.1002/mrm.70140,1
https://doi.org/10.1002/mrm.70172,1
https://doi.org/10.1002/mrm.70142,1
https://doi.org/10.1002/mrm.70165,1
https://doi.org/10.1002/mrm.70164,1
https://doi.org/10.1002/mrm.70151,1
https://doi.org/10.1002/mrm.70154,1
https://doi.org/10.1002/mrm.70188,1
https://doi.org/10.1002/mrm.70199,1
https://doi.org/10.1002/mrm.70197,1
https://doi.org/10.1002/mrm.70182,1
https://doi.org/10.1002/mrm.70204,1
https://doi.org/10.1002/mrm.70193,1
https://doi.org/10.1002/mrm.70210,1
https://doi.org/10.1002/mrm.70189,1
https://doi.org/10.1002/mrm.70218,1
https://doi.org/10.1002/mrm.70217,1
https://doi.org/10.1002/mrm.70198,1
https://doi.org/10.1002/mrm.70209,1
https://doi.org/10.1002/mrm.70214,1
https://doi.org/10.1002/mrm.70216,1
https://doi.org/10.1002/mrm.70181,1
https://doi.org/10.1002/mrm.70195,1
https://doi.org/10.1002/mrm.70225,1
https://doi.org/10.1002/mrm.70212,1
https://doi.org/10.1002/mrm.70220,1
https://doi.org/10.1002/mrm.70208,1
https://doi.org/10.1002/mrm.70207,1
https://doi.org/10.1002/mrm.70192,1
https://doi.org/10.1002/mrm.70201,1
https://doi.org/10.1002/mrm.70211,1
https://doi.org/10.1002/mrm.70183,1
https://doi.org/10.1002/mrm.70186,1
https://doi.org/10.1002/mrm.70184,1
https://doi.org/10.1002/mrm.70219,1
https://doi.org/10.1002/mrm.70194,1
https://doi.org/10.1002/mrm.70223,1
https://doi.org/10.1002/mrm.70196,1
https://doi.org/10.1002/mrm.70180,1
https://doi.org/10.1002/mrm.70203,1
https://doi.org/10.1002/mrm.70202,1
https://doi.org/10.1002/mrm.70190,1
https://doi.org/10.1002/mrm.70185,1
https://doi.org/10.1002/mrm.70187,1
https://doi.org/10.1002/mrm.70222,1
https://doi.org/10.1002/mrm.70221,1
https://doi.org/10.1002/mrm.30397,1
https://doi.org/10.1002/mrm.30406,1
https://doi.org/10.1002/mrm.70215,1
https://doi.org/10.1002/mrm.70191,1
https://doi.org/10.1002/mrm.70224,1
https://doi.org/10.1002/mrm.70230,1
https://doi.org/10.1002/mrm.70233,1
https://doi.org/10.1002/mrm.70229,1
https://doi.org/10.1002/mrm.70234,1
https://doi.org/10.1002/mrm.70247,1
https://doi.org/10.1002/mrm.70228,1
https://doi.org/10.1002/mrm.70241,1
https://doi.org/10.1002/mrm.30431,1
https://doi.org/10.1002/mrm.30423,1
https://doi.org/10.1002/mrm.30418,1
https://doi.org/10.1002/mrm.30420,1
https://doi.org/10.1002/mrm.30434,1
https://doi.org/10.1002/mrm.30421,1
https://doi.org/10.1002/mrm.30405,1
https://doi.org/10.1002/mrm.30415,1
https://doi.org/10.1002/mrm.30433,1
https://doi.org/10.1002/mrm.30429,1
https://doi.org/10.1002/mrm.30427,1
https://doi.org/10.1002/mrm.30416,1
https://doi.org/10.1002/mrm.30410,1
https://doi.org/10.1002/mrm.30428,1
https://doi.org/10.1002/mrm.30413,1
https://doi.org/10.1002/mrm.30426,1
https://doi.org/10.1002/mrm.30432,1
https://doi.org/10.1002/mrm.30435,1
https://doi.org/10.1002/mrm.30419,1
https://doi.org/10.1002/mrm.30422,1
https://doi.org/10.1002/mrm.30411,1
https://doi.org/10.1002/mrm.70226,1
https://doi.org/10.1002/mrm.30430,1
https://doi.org/10.1002/mrm.70236,1
